netkeiba_id,name,sex,birth_year,birth_date,mother_netkeiba_id,mother_name,maternal_grandsire,breeder,owner,netkeiba_url
000a02c86e,ロベリアの2026,牝,2026,2026-03-15,2020103725,ロベリア,ロードカナロア,辻牧場,DMMドリームクラブ株式会社,https://own.netkeiba.com/db/horse.html?id=000a02c86e
000a02d04e,シタディリオの2026,牡,2026,2026-02-17,000a01be8a,シタディリオ,Equal Stripes,,,https://own.netkeiba.com/db/horse.html?id=000a02d04e
000a02d057,ヒットエミリーの2026,牡,2026,2026-03-04,000a0259dc,ヒットエミリー,Hit It a Bomb,,,https://own.netkeiba.com/db/horse.html?id=000a02d057
000a02d065,タイワナの2026,牡,2026,2026-02-12,000a01dac7,タイワナ,Le Havre,,,https://own.netkeiba.com/db/horse.html?id=000a02d065
000a02d06d,コッパの2026,牡,2026,2026-02-20,000a013ebd,コッパ,Yesbyjimminy,,,https://own.netkeiba.com/db/horse.html?id=000a02d06d
000a02d0cb,ヴォーセルの2026,牝,2026,2026-01-14,000a01d5a9,ヴォーセル,Le Havre,,,https://own.netkeiba.com/db/horse.html?id=000a02d0cb
000a02d0d8,キービスケーンの2026,牡,2026,2026-02-28,000a01fda0,キービスケーン,Brethren,,,https://own.netkeiba.com/db/horse.html?id=000a02d0d8
000a02d350,シャトーラフルールの2026,牝,2026,2026-03-15,000a025b4a,シャトーラフルール,Frankel,,,https://own.netkeiba.com/db/horse.html?id=000a02d350
000a02d356,サンカルパIIの2026,牝,2026,2026-01-25,000a01be89,サンカルパII,True Cause,,,https://own.netkeiba.com/db/horse.html?id=000a02d356
000a02d392,ローズカリーナの2026,牡,2026,2026-03-20,2012104934,ローズカリーナ,ハービンジャー,,,https://own.netkeiba.com/db/horse.html?id=000a02d392
000a02d3bd,ジャストアスミッジの2026,牝,2026,2026-02-08,000a015977,ジャストアスミッジ,Into Mischief,,,https://own.netkeiba.com/db/horse.html?id=000a02d3bd
000a02d80a,ヴァシリカの2026,牡,2026,2026-03-11,000a01591d,ヴァシリカ,Skipshot,,,https://own.netkeiba.com/db/horse.html?id=000a02d80a
000a02d842,コーステッドの2026,牡,2026,2026-01-23,000a013daf,コーステッド,Tizway,,,https://own.netkeiba.com/db/horse.html?id=000a02d842
000a02daab,マジックアティテュードの2026,牡,2026,2026-03-30,000a0188be,マジックアティテュード,Galileo,,,https://own.netkeiba.com/db/horse.html?id=000a02daab
000a02dad8,シーブルックの2026,牝,2026,2026-02-08,000a01b819,シーブルック,Hinchinbrook,,,https://own.netkeiba.com/db/horse.html?id=000a02dad8
