season_year,netkeiba_id,mare_name,mare_birth_year,mare_sire_name,cover_date,expected_foaling_date,total_prize,best_win_class,offsprings_started,representative_offspring_name,representative_offspring_url,mare_netkeiba_url
2025,000a01bff2,アーチョコレート,2012,Candy Ride,2025-04-04,2026-03-05,0,,1,クインズショコラ,https://own.netkeiba.com/db/horse.html?id=2022100159,https://own.netkeiba.com/db/horse.html?id=000a01bff2
2025,2018104922,アールドヴィーヴル,2018,キングカメハメハ,2025-03-12,2026-02-10,"8,197",22'立雲峡S(3勝クラス),0,,,https://own.netkeiba.com/db/horse.html?id=2018104922
2025,2016101779,アイリスフィール,2016,ハービンジャー,2025-04-16,2026-03-17,"2,009",19'デイジー賞(500万下),3,ドゥラエテルノ,https://own.netkeiba.com/db/horse.html?id=2022102722,https://own.netkeiba.com/db/horse.html?id=2016101779
2025,2020103608,アイリッシュパール,2020,Saxon Warrior,2025-05-28,2026-04-28,946,23'3歳未勝利,0,,,https://own.netkeiba.com/db/horse.html?id=2020103608
2025,2017106203,アカイイト,2017,キズナ,2025-06-14,2026-05-15,"23,002",21'エリザベス女王杯(G1),0,,,https://own.netkeiba.com/db/horse.html?id=2017106203
2025,2007103323,アガルタ,2007,キングカメハメハ,2025-05-23,2026-04-23,0,,10,マイネルオフィール,https://own.netkeiba.com/db/horse.html?id=2012104504,https://own.netkeiba.com/db/horse.html?id=2007103323
2025,2014105806,アズレージョ,2014,タートルボウル,2025-03-21,2026-02-19,"1,450",17'3歳以上500万下,2,ジェロニモス,https://own.netkeiba.com/db/horse.html?id=2021101280,https://own.netkeiba.com/db/horse.html?id=2014105806
2025,2013103600,アドマイヤヒナタ,2013,キングカメハメハ,2025-05-08,2026-04-08,104,C2三,5,ジオパークマグマ,https://own.netkeiba.com/db/horse.html?id=2018106317,https://own.netkeiba.com/db/horse.html?id=2013103600
2025,2012104128,アルティマブラッド,2012,シンボリクリスエス,2025-05-05,2026-04-05,"11,779",17'ラピスラズリS(OP),2,イーグルノワール,https://own.netkeiba.com/db/horse.html?id=2021107170,https://own.netkeiba.com/db/horse.html?id=2012104128
2025,2018106580,アルナージ,2018,ダノンレジェンド,2025-03-14,2026-02-12,"1,741",21'3歳以上1勝クラス,0,,,https://own.netkeiba.com/db/horse.html?id=2018106580
2025,2020103692,アルナージェイン,2020,リアルスティール,2025-03-24,2026-02-22,"2,250",23'3歳以上1勝クラス,0,,,https://own.netkeiba.com/db/horse.html?id=2020103692
2025,000a01d8b1,アルマダニヤー,2019,Awtaad,2025-02-25,2026-01-26,0,,1,ディーズメンフィス,https://own.netkeiba.com/db/horse.html?id=2023102812,https://own.netkeiba.com/db/horse.html?id=000a01d8b1
2025,2016104349,アンドラステ,2016,オルフェーヴル,2025-02-24,2026-01-25,"16,534",21'トヨタ賞中京記念(G3),1,アンドゥーリル,https://own.netkeiba.com/db/horse.html?id=2023103752,https://own.netkeiba.com/db/horse.html?id=2016104349
2025,2015105970,アンリミット,2015,メイショウボーラー,2025-03-26,2026-02-24,"7,778",20'渡月橋S(3勝クラス),1,アルピノ,https://own.netkeiba.com/db/horse.html?id=2022101721,https://own.netkeiba.com/db/horse.html?id=2015105970
2025,000a01591e,イトワズマジック,2016,War Front,2025-04-17,2026-03-18,0,,2,ロードフォアエース,https://own.netkeiba.com/db/horse.html?id=2021100130,https://own.netkeiba.com/db/horse.html?id=000a01591e
2025,000a01a924,インデリブル,2016,Tiznow,2025-03-28,2026-02-26,0,,2,エッセンシャルワン,https://own.netkeiba.com/db/horse.html?id=2020110014,https://own.netkeiba.com/db/horse.html?id=000a01a924
2025,000a01bdae,インピード,2015,Bated Breath,2025-03-09,2026-02-07,0,,2,キングズブレス,https://own.netkeiba.com/db/horse.html?id=2021110001,https://own.netkeiba.com/db/horse.html?id=000a01bdae
2025,000a01e426,ウィンターパワー,2018,Bungle Inthejungle,2025-02-20,2026-01-21,0,,0,,,https://own.netkeiba.com/db/horse.html?id=000a01e426
2025,2017104671,ウィンドファクター,2017,キングカメハメハ,2025-06-01,2026-05-02,0,,1,ライヴバフィ,https://own.netkeiba.com/db/horse.html?id=2022102498,https://own.netkeiba.com/db/horse.html?id=2017104671
2025,2020105210,ウインエレナ,2020,ロードカナロア,2025-03-08,2026-02-06,22,,0,,,https://own.netkeiba.com/db/horse.html?id=2020105210
2025,000a01b6d5,ウェイトゥヴェルサイユ,2014,Tizway,2025-03-04,2026-02-02,0,,1,アルヘンティニータ,https://own.netkeiba.com/db/horse.html?id=2021104455,https://own.netkeiba.com/db/horse.html?id=000a01b6d5
2025,2010100975,ウキヨノカゼ,2010,オンファイア,2025-05-22,2026-04-22,"18,320",15'キーンランドC(G3),1,ワレハカゼノコ,https://own.netkeiba.com/db/horse.html?id=2020104968,https://own.netkeiba.com/db/horse.html?id=2010100975
2025,000a026d1f,ウグローダ,2019,Curlin,2025-05-23,2026-04-23,0,,0,,,https://own.netkeiba.com/db/horse.html?id=000a026d1f
2025,2015104671,ウラヌスチャーム,2015,ルーラーシップ,2025-03-29,2026-02-27,"15,138",20'メトロポリタンS(L),1,,,https://own.netkeiba.com/db/horse.html?id=2015104671
2025,2016104649,エアジーン,2016,ハービンジャー,2025-03-11,2026-02-09,"6,571",20'初咲賞(2勝クラス),1,エアヴァイブス,https://own.netkeiba.com/db/horse.html?id=2023106910,https://own.netkeiba.com/db/horse.html?id=2016104649
2025,000a012f87,エクセレンスII,2011,Champs Elysees,2025-05-13,2026-04-13,0,,6,レクセランス,https://own.netkeiba.com/db/horse.html?id=2017105241,https://own.netkeiba.com/db/horse.html?id=000a012f87
2025,000a011dce,エピックラヴ,2008,Dansili,2025-05-31,2026-05-01,0,,7,ダノンザキッド,https://own.netkeiba.com/db/horse.html?id=2018104963,https://own.netkeiba.com/db/horse.html?id=000a011dce
2025,2016101402,エピローグ,2016,ハービンジャー,2025-04-11,2026-03-12,"5,407",22'4歳以上2勝クラス,0,,,https://own.netkeiba.com/db/horse.html?id=2016101402
2025,000a01beae,エルヴァスII,2016,Catcher In The Rye,2025-04-17,2026-03-18,0,,2,ブルクトーア,https://own.netkeiba.com/db/horse.html?id=2022104694,https://own.netkeiba.com/db/horse.html?id=000a01beae
2025,000a01a95b,オールインファン,2012,Tapit,2025-05-26,2026-04-26,0,,3,テーオーグランビル,https://own.netkeiba.com/db/horse.html?id=2020110081,https://own.netkeiba.com/db/horse.html?id=000a01a95b
2025,2015102382,オールフォーラヴ,2015,ディープインパクト,2025-04-28,2026-03-29,"8,140",19'米子S(L),2,ロードラヴォール,https://own.netkeiba.com/db/horse.html?id=2023105796,https://own.netkeiba.com/db/horse.html?id=2015102382
2025,000a01d6a4,カーステンボッシュ,2019,Midnight Lute,2025-04-27,2026-03-28,0,,0,,,https://own.netkeiba.com/db/horse.html?id=000a01d6a4
2025,2014110121,カスタディーヴァ,2014,High Chaparral,2025-03-20,2026-02-18,"1,140",17'3歳未勝利,3,アオラキ,https://own.netkeiba.com/db/horse.html?id=2020106692,https://own.netkeiba.com/db/horse.html?id=2014110121
2025,000a01ff4b,カトゥーシャ,2019,Almanzor,2025-04-22,2026-03-23,0,,0,,,https://own.netkeiba.com/db/horse.html?id=000a01ff4b
2025,2016104542,カラミンサ,2016,ルーラーシップ,2025-05-10,2026-04-10,"3,417",20'萬代橋特別(1勝クラス),1,,,https://own.netkeiba.com/db/horse.html?id=2016104542
2025,000a01fda0,キービスケーン,2017,Brethren,2025-03-26,2026-02-24,0,,0,,,https://own.netkeiba.com/db/horse.html?id=000a01fda0
2025,2016101917,キタイ,2016,ダンカーク,2025-03-28,2026-02-26,"6,732",21'長篠S(3勝クラス),0,,,https://own.netkeiba.com/db/horse.html?id=2016101917
2025,2018110021,キトゥンズワルツ,2018,Air Force Blue,2025-03-02,2026-01-31,821,21'3歳未勝利,0,,,https://own.netkeiba.com/db/horse.html?id=2018110021
2025,000a013907,キャッチザカクテル,2012,Catcher In The Rye,2025-05-11,2026-04-11,0,,6,サトノアイ,https://own.netkeiba.com/db/horse.html?id=2018106504,https://own.netkeiba.com/db/horse.html?id=000a013907
2025,2009101532,キャトルフィーユ,2009,ディープインパクト,2025-04-04,2026-03-05,"18,784",14'クイーンS(G3),6,アルジーヌ,https://own.netkeiba.com/db/horse.html?id=2020100148,https://own.netkeiba.com/db/horse.html?id=2009101532
2025,2018104239,クープドクール,2018,エイシンヒカリ,2025-03-15,2026-02-13,"2,768",21'萌黄賞(1勝クラス),0,,,https://own.netkeiba.com/db/horse.html?id=2018104239
2025,2015106226,クイーンズテソーロ,2015,ヘニーヒューズ,2025-03-12,2026-02-10,"6,615",18'アクアラインS(1600万下),1,アパタイトテソーロ,https://own.netkeiba.com/db/horse.html?id=2023106739,https://own.netkeiba.com/db/horse.html?id=2015106226
2025,000a01bd03,クオウト,2016,Galileo,2025-05-10,2026-04-10,0,,2,クラリファイ,https://own.netkeiba.com/db/horse.html?id=2021110010,https://own.netkeiba.com/db/horse.html?id=000a01bd03
2025,2013102089,クラシックス,2013,キングヘイロー,2025-04-30,2026-03-31,604,C2七 八,4,ドンアミティエ,https://own.netkeiba.com/db/horse.html?id=2020106006,https://own.netkeiba.com/db/horse.html?id=2013102089
2025,2019102742,クレア,2019,ビッグアーサー,2025-05-07,2026-04-07,"2,724",23'4歳以上2勝クラス,0,,,https://own.netkeiba.com/db/horse.html?id=2019102742
2025,2015103368,グアン,2015,オルフェーヴル,2025-04-20,2026-03-21,"7,468",19'4歳以上1000万下,2,フェデラー,https://own.netkeiba.com/db/horse.html?id=2022103211,https://own.netkeiba.com/db/horse.html?id=2015103368
2025,2019110109,グラットンラッシー,2019,American Pharoah,2025-03-31,2026-03-01,650,22'3歳未勝利,0,,,https://own.netkeiba.com/db/horse.html?id=2019110109
2025,000a01b0cc,ケアレディー,2014,Equal Stripes,2025-03-03,2026-02-01,0,,3,レディーゴール,https://own.netkeiba.com/db/horse.html?id=2023100917,https://own.netkeiba.com/db/horse.html?id=000a01b0cc
2025,2019102327,ケデシュ,2019,リオンディーズ,2025-04-23,2026-03-24,"3,419",22'猪名川特別(2勝クラス),0,,,https://own.netkeiba.com/db/horse.html?id=2019102327
2025,000a013daf,コーステッド,2014,Tizway,2025-02-20,2026-01-21,0,,5,ダノンベルーガ,https://own.netkeiba.com/db/horse.html?id=2019105195,https://own.netkeiba.com/db/horse.html?id=000a013daf
2025,000a013ebd,コッパ,2013,Yesbyjimminy,2025-03-11,2026-02-09,0,,4,トゥードジボン,https://own.netkeiba.com/db/horse.html?id=2019104730,https://own.netkeiba.com/db/horse.html?id=000a013ebd
2025,000a014964,コム,2016,Le Havre,2025-05-04,2026-04-04,0,未勝利戦,2,コムユンプリュム,https://own.netkeiba.com/db/horse.html?id=2022105318,https://own.netkeiba.com/db/horse.html?id=000a014964
2025,2019105476,コラリン,2019,ダイワメジャー,2025-05-17,2026-04-17,"3,484",21'カンナS(OP),0,,,https://own.netkeiba.com/db/horse.html?id=2019105476
2025,000a013898,コンクエストハーラネイト,2012,Harlan's Holiday,2025-05-07,2026-04-07,0,,5,ダノンブリザード,https://own.netkeiba.com/db/horse.html?id=2019101618,https://own.netkeiba.com/db/horse.html?id=000a013898
2025,000a01a8e7,コンシダレイト,2010,Dansili,2025-02-27,2026-01-28,0,,3,,,https://own.netkeiba.com/db/horse.html?id=000a01a8e7
2025,000a014295,ゴールデンフレアー,2010,Medaglia d'Oro,2025-03-28,2026-02-26,0,,3,フルフラット,https://own.netkeiba.com/db/horse.html?id=2017110117,https://own.netkeiba.com/db/horse.html?id=000a014295
2025,2019101156,ゴッドクインビー,2019,ロードカナロア,2025-04-02,2026-03-03,"1,590",22'3歳以上1勝クラス,0,,,https://own.netkeiba.com/db/horse.html?id=2019101156
2025,2014106205,サトノアリシア,2014,ハービンジャー,2025-04-24,2026-03-25,"5,182",16'コスモス賞(OP),3,ルクスジニア,https://own.netkeiba.com/db/horse.html?id=2022104784,https://own.netkeiba.com/db/horse.html?id=2014106205
2025,2016110083,サトノジャスミン,2016,Wilburn,2025-03-02,2026-01-31,0,,2,ゴージャス,https://own.netkeiba.com/db/horse.html?id=2022106996,https://own.netkeiba.com/db/horse.html?id=2016110083
2025,2018105179,サトノレイナス,2018,ディープインパクト,2025-04-24,2026-03-25,"11,338",20'サフラン賞(1勝クラス),0,,,https://own.netkeiba.com/db/horse.html?id=2018105179
2025,2020103237,サファイア,2020,ロードカナロア,2025-03-09,2026-02-07,630,23'3歳未勝利,0,,,https://own.netkeiba.com/db/horse.html?id=2020103237
2025,2009101032,サラファン,2009,アグネスタキオン,2025-05-06,2026-04-06,640,12'3歳未勝利,7,ダイシンアポロン,https://own.netkeiba.com/db/horse.html?id=2021100660,https://own.netkeiba.com/db/horse.html?id=2009101032
2025,2014105928,サロニカ,2014,ディープインパクト,2025-05-19,2026-04-19,"3,826",17'エルフィンS(OP),3,サロニコス,https://own.netkeiba.com/db/horse.html?id=2021105540,https://own.netkeiba.com/db/horse.html?id=2014105928
2025,000a01be89,サンカルパII,2016,True Cause,2025-02-17,2026-01-18,0,,2,アビラーシャ,https://own.netkeiba.com/db/horse.html?id=2023107017,https://own.netkeiba.com/db/horse.html?id=000a01be89
2025,000a01fda5,サンキューメアリールー,2011,Birdstone,2025-05-25,2026-04-25,0,,0,,,https://own.netkeiba.com/db/horse.html?id=000a01fda5
2025,000a01da19,サンダードラム,2018,Dubawi,2025-05-01,2026-04-01,0,,0,,,https://own.netkeiba.com/db/horse.html?id=000a01da19
2025,000a01294d,シーズアタイガー,2011,Tale of the Cat,2025-03-22,2026-02-20,0,,5,フレミングフープ,https://own.netkeiba.com/db/horse.html?id=2021105581,https://own.netkeiba.com/db/horse.html?id=000a01294d
2025,000a012944,シーニーンガール,2010,Spring At Last,2025-02-22,2026-01-23,0,,5,ダイワダグラス,https://own.netkeiba.com/db/horse.html?id=2016105056,https://own.netkeiba.com/db/horse.html?id=000a012944
2025,000a01b819,シーブルック,2015,Hinchinbrook,2025-03-08,2026-02-06,0,,2,サンダーストラック,https://own.netkeiba.com/db/horse.html?id=2023107053,https://own.netkeiba.com/db/horse.html?id=000a01b819
2025,2015104823,シーリア,2015,キングカメハメハ,2025-05-31,2026-05-01,"2,791",19'3歳以上1勝クラス,2,ヴィンセンシオ,https://own.netkeiba.com/db/horse.html?id=2022104832,https://own.netkeiba.com/db/horse.html?id=2015104823
2025,000a01be8a,シタディリオ,2016,Equal Stripes,2025-03-03,2026-02-01,0,,2,サルタラリンダ,https://own.netkeiba.com/db/horse.html?id=2023107027,https://own.netkeiba.com/db/horse.html?id=000a01be8a
2025,2017105173,シネマトグラフ,2017,ロードカナロア,2025-05-24,2026-04-24,"2,180",21'4歳以上1勝クラス,1,ブラッキッシュ,https://own.netkeiba.com/db/horse.html?id=2023107028,https://own.netkeiba.com/db/horse.html?id=2017105173
2025,2018101579,シャイニングフジ,2018,ドゥラメンテ,2025-05-25,2026-04-25,"5,669",22'丹波特別(2勝クラス),0,,,https://own.netkeiba.com/db/horse.html?id=2018101579
2025,000a024998,シャイニングプロ,2018,Protectionist,2025-04-25,2026-03-26,0,,0,,,https://own.netkeiba.com/db/horse.html?id=000a024998
2025,000a025b4a,シャトーラフルール,2015,Frankel,2025-04-12,2026-03-13,0,,0,,,https://own.netkeiba.com/db/horse.html?id=000a025b4a
2025,2014105846,シャンティローザ,2014,ダノンシャンティ,2025-04-11,2026-03-12,"7,430",19'北大路特別(1000万下),1,,,https://own.netkeiba.com/db/horse.html?id=2014105846
2025,2021101049,シルヴァリームーン,2021,キズナ,2025-04-20,2026-03-21,510,,0,,,https://own.netkeiba.com/db/horse.html?id=2021101049
2025,000a0133d6,ジェットセッティング,2013,Fast Company,2025-04-05,2026-03-06,0,16'アイリッシュ1000ギニー(G1),4,ペースセッティング,https://own.netkeiba.com/db/horse.html?id=2020110007,https://own.netkeiba.com/db/horse.html?id=000a0133d6
2025,2013105864,ジェラシー,2013,ハービンジャー,2025-05-06,2026-04-06,"4,677",16'スイートピーS(OP),5,カリーニョ,https://own.netkeiba.com/db/horse.html?id=2021105585,https://own.netkeiba.com/db/horse.html?id=2013105864
2025,2018105081,ジェラルディーナ,2018,モーリス,2025-03-13,2026-02-11,"44,544",22'エリザベス女王杯(G1),0,,,https://own.netkeiba.com/db/horse.html?id=2018105081
2025,2016105301,ジェンメオ,2016,ディープブリランテ,2025-05-26,2026-04-26,500,19'3歳未勝利,1,レディエンス,https://own.netkeiba.com/db/horse.html?id=2022100583,https://own.netkeiba.com/db/horse.html?id=2016105301
2025,000a015977,ジャストアスミッジ,2015,Into Mischief,2025-03-01,2026-01-30,0,,3,セキテイレア,https://own.netkeiba.com/db/horse.html?id=2021100226,https://own.netkeiba.com/db/horse.html?id=000a015977
2025,2012103730,ジュエルメーカー,2012,エンパイアメーカー,2025-04-13,2026-03-14,"4,394",17'インディアT(1000万下),4,クロドラバール,https://own.netkeiba.com/db/horse.html?id=2021101733,https://own.netkeiba.com/db/horse.html?id=2012103730
2025,000a01fcd0,ジョイネヴァーランド,2017,Fortify,2025-03-22,2026-02-20,0,,0,,,https://own.netkeiba.com/db/horse.html?id=000a01fcd0
2025,2018110129,スーパーウーパー,2018,Overanalyze,2025-06-02,2026-05-03,"3,244",21'北摂特別(2勝クラス),0,,,https://own.netkeiba.com/db/horse.html?id=2018110129
2025,000a013bb1,スクールミストレス,2013,Equal Stripes,2025-04-13,2026-03-14,0,,3,ステラスプレンダー,https://own.netkeiba.com/db/horse.html?id=2021105604,https://own.netkeiba.com/db/horse.html?id=000a013bb1
2025,2009106059,スパークオンアイス,2009,シンボリクリスエス,2025-05-03,2026-04-03,"2,924",14'4歳以上500万下,6,スパークリシャール,https://own.netkeiba.com/db/horse.html?id=2021105609,https://own.netkeiba.com/db/horse.html?id=2009106059
2025,000a01b836,スピニングメモリーズ,2015,Arcano,2025-05-19,2026-04-19,0,,2,スピナーリート,https://own.netkeiba.com/db/horse.html?id=2023103456,https://own.netkeiba.com/db/horse.html?id=000a01b836
2025,2014105906,スプリングノート,2014,シンボリクリスエス,2025-03-12,2026-02-10,167,C2二,3,ホシクズロンリネス,https://own.netkeiba.com/db/horse.html?id=2022107096,https://own.netkeiba.com/db/horse.html?id=2014105906
2025,2017106387,スマートリアン,2017,キズナ,2025-04-19,2026-03-20,"15,273",23'福島テレビオープン(OP),0,,,https://own.netkeiba.com/db/horse.html?id=2017106387
2025,2014102204,スリーランディア,2014,ストリートセンス,2025-04-23,2026-03-24,"5,129",19'3歳以上2勝クラス,1,スリーセンス,https://own.netkeiba.com/db/horse.html?id=2022102980,https://own.netkeiba.com/db/horse.html?id=2014102204
2025,2018105044,セカンドワルツ,2018,ハービンジャー,2025-03-13,2026-02-11,456,,0,,,https://own.netkeiba.com/db/horse.html?id=2018105044
2025,000a012e7c,セレスタ,2012,Jump Start,2025-04-09,2026-03-10,0,,5,ハーパー,https://own.netkeiba.com/db/horse.html?id=2020103458,https://own.netkeiba.com/db/horse.html?id=000a012e7c
2025,2013105956,ソーディヴァイン,2013,キンシャサノキセキ,2025-05-26,2026-04-26,"6,035",17'4歳以上1000万下,3,インターアーバン,https://own.netkeiba.com/db/horse.html?id=2022104880,https://own.netkeiba.com/db/horse.html?id=2013105956
2025,2018105355,ソングライン,2018,キズナ,2025-03-17,2026-02-15,"68,855",22'安田記念(G1),0,,,https://own.netkeiba.com/db/horse.html?id=2018105355
2025,000a01dac7,タイワナ,2019,Le Havre,2025-03-01,2026-01-30,0,,0,,,https://own.netkeiba.com/db/horse.html?id=000a01dac7
2025,000a01d971,タピタルゲインズ,2016,Tapit,2025-05-27,2026-04-27,0,,0,,,https://own.netkeiba.com/db/horse.html?id=000a01d971
2025,000a01fccf,タングリトナ,2019,Full Mast,2025-04-19,2026-03-20,0,,0,,,https://own.netkeiba.com/db/horse.html?id=000a01fccf
2025,2016104835,タンタラス,2016,キングカメハメハ,2025-04-30,2026-03-31,"7,681",21'六甲アイランドS(3勝クラス),1,クアロアランチ,https://own.netkeiba.com/db/horse.html?id=2023107095,https://own.netkeiba.com/db/horse.html?id=2016104835
2025,000a012130,チェリーコレクト,2009,Oratorio,2025-04-22,2026-03-23,0,,8,サトノグランツ,https://own.netkeiba.com/db/horse.html?id=2020103473,https://own.netkeiba.com/db/horse.html?id=000a012130
2025,2014105053,チカノワール,2014,ハービンジャー,2025-03-24,2026-02-22,"6,700",18'玄海特別(1000万下),2,マイノワール,https://own.netkeiba.com/db/horse.html?id=2021104411,https://own.netkeiba.com/db/horse.html?id=2014105053
2025,2012104432,チラリ,2012,チチカステナンゴ,2025-06-04,2026-05-05,18,,6,ソウルトレイン,https://own.netkeiba.com/db/horse.html?id=2017104068,https://own.netkeiba.com/db/horse.html?id=2012104432
2025,000a013868,ティズウインディ,2011,Tiznow,2025-05-30,2026-04-30,0,,5,ロールアップ,https://own.netkeiba.com/db/horse.html?id=2019103661,https://own.netkeiba.com/db/horse.html?id=000a013868
2025,000a025b76,テキサスティアラ,2019,Malibu Moon,2025-03-16,2026-02-14,0,,0,,,https://own.netkeiba.com/db/horse.html?id=000a025b76
2025,000a012f0a,テディーズプロミス,2008,Salt Lake,2025-05-21,2026-04-21,0,,5,マイラプソディ,https://own.netkeiba.com/db/horse.html?id=2017105434,https://own.netkeiba.com/db/horse.html?id=000a012f0a
2025,2019102032,デアリングオウカ,2019,エピファネイア,2025-04-04,2026-03-05,0,,0,,,https://own.netkeiba.com/db/horse.html?id=2019102032
2025,2016104470,ディアンドル,2016,ルーラーシップ,2025-04-26,2026-03-27,"17,988",21'福島牝馬S(G3),1,タッセルノット,https://own.netkeiba.com/db/horse.html?id=2023107121,https://own.netkeiba.com/db/horse.html?id=2016104470
2025,000a01faa8,ディファイニングパーパス,2020,Cross Traffic,2025-03-14,2026-02-12,0,,0,,,https://own.netkeiba.com/db/horse.html?id=000a01faa8
2025,2017104637,デゼル,2017,ディープインパクト,2025-04-10,2026-03-11,"13,606",21'阪神牝馬S(G2),0,,,https://own.netkeiba.com/db/horse.html?id=2017104637
2025,000a01d61d,トナフトゥ,2014,Sir Prancealot,2025-03-23,2026-02-21,0,,1,カラヴァジェスティ,https://own.netkeiba.com/db/horse.html?id=2022110006,https://own.netkeiba.com/db/horse.html?id=000a01d61d
2025,2019105220,トリフォリウム,2019,ドゥラメンテ,2025-04-07,2026-03-08,0,,1,,,https://own.netkeiba.com/db/horse.html?id=2019105220
2025,2020110109,トリプルループ,2020,Justify,2025-04-07,2026-03-08,"1,313",フレンドリーサドル特別,0,,,https://own.netkeiba.com/db/horse.html?id=2020110109
2025,2017106290,トロワマルス,2017,キングズベスト,2025-04-01,2026-03-02,"3,521",20'飯豊特別(2勝クラス),0,,,https://own.netkeiba.com/db/horse.html?id=2017106290
2025,2016104807,ドナウデルタ,2016,ロードカナロア,2025-03-10,2026-02-08,"12,738",20'ポートアイランドS(L),0,,,https://own.netkeiba.com/db/horse.html?id=2016104807
2025,2021105679,ドナウワルツ,2021,モーリス,2025-06-06,2026-05-07,0,,0,,,https://own.netkeiba.com/db/horse.html?id=2021105679
2025,000a026d1c,ドリームアロット,2019,Ghostzapper,2025-06-09,2026-05-10,0,,0,,,https://own.netkeiba.com/db/horse.html?id=000a026d1c
2025,000a01b0cd,ドリームアンドホープ,2011,Royal Applause,2025-05-25,2026-04-25,0,,3,ニシノイストワール,https://own.netkeiba.com/db/horse.html?id=2022107202,https://own.netkeiba.com/db/horse.html?id=000a01b0cd
2025,000a026d19,ナカノタケコ,2014,First Samurai,2025-06-05,2026-05-06,0,,0,,,https://own.netkeiba.com/db/horse.html?id=000a026d19
2025,000a0169e4,ナスティア,2016,Fortify,2025-03-30,2026-02-28,0,,1,ショウナンマハト,https://own.netkeiba.com/db/horse.html?id=2022104937,https://own.netkeiba.com/db/horse.html?id=000a0169e4
2025,000a026574,ナチュラルギフト,2021,Frankel,2025-03-10,2026-02-08,0,,0,,,https://own.netkeiba.com/db/horse.html?id=000a026574
2025,000a01a858,ニカモレイ,2010,More Than Ready,2025-05-22,2026-04-22,0,,2,レベッカレインボー,https://own.netkeiba.com/db/horse.html?id=2022101069,https://own.netkeiba.com/db/horse.html?id=000a01a858
2025,000a01c04a,ネヌファーアズール,2018,Lookin At Lucky,2025-05-21,2026-04-21,0,22'エルデルビー(G1),0,,,https://own.netkeiba.com/db/horse.html?id=000a01c04a
2025,2015104453,ノーブルカリナン,2015,ディープインパクト,2025-05-16,2026-04-16,"5,778",20'木津川特別(2勝クラス),2,ジョイエッロ,https://own.netkeiba.com/db/horse.html?id=2022105438,https://own.netkeiba.com/db/horse.html?id=2015104453
2025,000a01fc9c,ノゾミ,2019,ハイランドリール,2025-06-22,2026-05-23,0,,0,,,https://own.netkeiba.com/db/horse.html?id=000a01fc9c
2025,000a01beb4,ノック,2016,Tapit,2025-05-09,2026-04-09,0,,2,,,https://own.netkeiba.com/db/horse.html?id=000a01beb4
2025,000a01beaa,ハンティングシーズン,2016,Pioneerof the Nile,2025-04-12,2026-03-13,0,,2,グランセレスト,https://own.netkeiba.com/db/horse.html?id=2023100953,https://own.netkeiba.com/db/horse.html?id=000a01beaa
2025,2011104105,バウンスシャッセ,2011,ゼンノロブロイ,2025-05-30,2026-04-30,"15,602",16'愛知杯(G3),6,グランプレジール,https://own.netkeiba.com/db/horse.html?id=2019105338,https://own.netkeiba.com/db/horse.html?id=2011104105
2025,2018105341,バルレッタ,2018,エピファネイア,2025-04-21,2026-03-22,328,,1,リアライズリバティ,https://own.netkeiba.com/db/horse.html?id=2023104303,https://own.netkeiba.com/db/horse.html?id=2018105341
2025,2009106261,パストフォリア,2009,シンボリクリスエス,2025-04-23,2026-03-24,"5,400",12'ユートピアS(1600万下),5,サブライムアンセム,https://own.netkeiba.com/db/horse.html?id=2019105345,https://own.netkeiba.com/db/horse.html?id=2009106261
2025,000a0259dc,ヒットエミリー,2018,Hit It a Bomb,2025-03-20,2026-02-18,0,,0,,,https://own.netkeiba.com/db/horse.html?id=000a0259dc
2025,2016100851,ビクトリアスマイル,2016,ノヴェリスト,2025-05-28,2026-04-28,7,,3,ニシノエージェント,https://own.netkeiba.com/db/horse.html?id=2022106155,https://own.netkeiba.com/db/horse.html?id=2016100851
2025,000a01fcd6,ファイアバーン,2019,Rebel Dane,2025-03-15,2026-02-13,0,,0,,,https://own.netkeiba.com/db/horse.html?id=000a01fcd6
2025,000a014353,ファイネストシティ,2012,City Zip,2025-04-18,2026-03-19,0,,5,ダノンアーリー,https://own.netkeiba.com/db/horse.html?id=2019105376,https://own.netkeiba.com/db/horse.html?id=000a014353
2025,2018105181,ファインルージュ,2018,キズナ,2025-03-20,2026-02-18,"23,714",21'フェアリーS(G3),0,,,https://own.netkeiba.com/db/horse.html?id=2018105181
2025,000a015976,ファッションストリート,2013,ストリートセンス,2025-04-29,2026-03-30,0,,4,ケンキートス,https://own.netkeiba.com/db/horse.html?id=2020104208,https://own.netkeiba.com/db/horse.html?id=000a015976
2025,000a01560b,フォトコール,2011,Galileo,2025-05-22,2026-04-22,0,,3,アドマイヤアストラ,https://own.netkeiba.com/db/horse.html?id=2021105728,https://own.netkeiba.com/db/horse.html?id=000a01560b
2025,000a015985,フライングヴィジョン,2008,Pollard's Vision,2025-05-18,2026-04-18,0,,2,タイセイシップ,https://own.netkeiba.com/db/horse.html?id=2021106580,https://own.netkeiba.com/db/horse.html?id=000a015985
2025,2020103695,フラットコール,2020,キンシャサノキセキ,2025-04-26,2026-03-27,0,,0,,,https://own.netkeiba.com/db/horse.html?id=2020103695
2025,000a01be46,フルオブビューティー,2012,Motivator,2025-02-19,2026-01-20,0,,2,レディーミコノス,https://own.netkeiba.com/db/horse.html?id=2022105475,https://own.netkeiba.com/db/horse.html?id=000a01be46
2025,2012104369,フロレットアレー,2012,ディープインパクト,2025-05-17,2026-04-17,"2,568",15'3歳未勝利,3,デルマケセラセラ,https://own.netkeiba.com/db/horse.html?id=2022105477,https://own.netkeiba.com/db/horse.html?id=2012104369
2025,2019105393,ブエナエルドラード,2019,ロードカナロア,2025-03-06,2026-02-04,0,,0,,,https://own.netkeiba.com/db/horse.html?id=2019105393
2025,2016104839,ブランノワール,2016,ロードカナロア,2025-05-24,2026-04-24,"7,573",20'うずしおS(3勝クラス),1,ブランヴァンダイク,https://own.netkeiba.com/db/horse.html?id=2023107194,https://own.netkeiba.com/db/horse.html?id=2016104839
2025,000a01d957,ブリリアントカット,2018,Speightstown,2025-04-06,2026-03-07,0,,1,ジュワネング,https://own.netkeiba.com/db/horse.html?id=2023107196,https://own.netkeiba.com/db/horse.html?id=000a01d957
2025,000a01b844,ブルーイリュージョン,2014,Dubawi,2025-03-14,2026-02-12,0,ハンデ戦,3,ライラックダンサー,https://own.netkeiba.com/db/horse.html?id=2022100836,https://own.netkeiba.com/db/horse.html?id=000a01b844
2025,2016106416,ブルーエクセル,2016,ロードカナロア,2025-04-14,2026-03-15,0,,2,フクノブルーレイク,https://own.netkeiba.com/db/horse.html?id=2022101329,https://own.netkeiba.com/db/horse.html?id=2016106416
2025,2014106206,ブルークランズ,2014,ルーラーシップ,2025-05-20,2026-04-20,"4,421",18'北大路特別(1000万下),3,ステレンボッシュ,https://own.netkeiba.com/db/horse.html?id=2021105743,https://own.netkeiba.com/db/horse.html?id=2014106206
2025,2019105052,ブロセリアンド,2019,キタサンブラック,2025-03-05,2026-02-03,0,,0,,,https://own.netkeiba.com/db/horse.html?id=2019105052
2025,000a01b846,プティフォリー,2017,Australia,2025-05-06,2026-04-06,0,,2,タイセイプランセス,https://own.netkeiba.com/db/horse.html?id=2022105014,https://own.netkeiba.com/db/horse.html?id=000a01b846
2025,000a02624a,プロミスハーアメリカ,2020,American Pharoah,2025-03-25,2026-02-23,0,,0,,,https://own.netkeiba.com/db/horse.html?id=000a02624a
2025,2019105418,ベルシャンテ,2019,ルーラーシップ,2025-03-09,2026-02-07,698,,0,,,https://own.netkeiba.com/db/horse.html?id=2019105418
2025,000a01dac8,ペンジャ,2018,Camelot,2025-03-17,2026-02-15,0,,0,,,https://own.netkeiba.com/db/horse.html?id=000a01dac8
2025,000a01d91c,ボーディシッタ,2016,Showcasing,2025-03-16,2026-02-14,0,,1,,,https://own.netkeiba.com/db/horse.html?id=000a01d91c
2025,000a014272,ポジティブマインド,2014,Equal Stripes,2025-04-24,2026-03-25,0,,4,シンクグッド,https://own.netkeiba.com/db/horse.html?id=2021105778,https://own.netkeiba.com/db/horse.html?id=000a014272
2025,000a01fd1f,マーシーダーシー,2014,Smart Strike,2025-04-08,2026-03-09,0,,0,,,https://own.netkeiba.com/db/horse.html?id=000a01fd1f
2025,2015102046,マイウェイアムール,2015,ロードカナロア,2025-04-27,2026-03-28,"4,863",19'富嶽賞(1000万下),2,ジーティーアムール,https://own.netkeiba.com/db/horse.html?id=2022102136,https://own.netkeiba.com/db/horse.html?id=2015102046
2025,2021110050,マイキオラ,2021,No Nay Never,2025-03-05,2026-02-03,0,,0,,,https://own.netkeiba.com/db/horse.html?id=2021110050
2025,000a0188be,マジックアティテュード,2017,Galileo,2025-04-27,2026-03-28,0,,0,,,https://own.netkeiba.com/db/horse.html?id=000a0188be
2025,000a01bead,マジックファウンテン,2016,War Front,2025-05-27,2026-04-27,0,,3,リラ,https://own.netkeiba.com/db/horse.html?id=2023104412,https://own.netkeiba.com/db/horse.html?id=000a01bead
2025,2015105019,マルケッサ,2015,オルフェーヴル,2025-04-15,2026-03-16,175,,4,ドゥラエレーデ,https://own.netkeiba.com/db/horse.html?id=2020103626,https://own.netkeiba.com/db/horse.html?id=2015105019
2025,2020103629,マンデヴィラ,2020,リアルスティール,2025-05-21,2026-04-21,"4,407",24'4歳以上1勝クラス,0,,,https://own.netkeiba.com/db/horse.html?id=2020103629
2025,000a025b6b,ミッドナイトメモリーズ,2019,マスタリー,2025-05-29,2026-04-29,0,,0,,,https://own.netkeiba.com/db/horse.html?id=000a025b6b
2025,2013102564,ミュゲプリンセス,2013,エンパイアメーカー,2025-04-14,2026-03-15,698,C2二,3,ピエマンソン,https://own.netkeiba.com/db/horse.html?id=2022100204,https://own.netkeiba.com/db/horse.html?id=2013102564
2025,000a01bf2e,メイディーン,2017,Tapit,2025-05-18,2026-04-18,0,,1,ギュルヴィ,https://own.netkeiba.com/db/horse.html?id=2022103267,https://own.netkeiba.com/db/horse.html?id=000a01bf2e
2025,000a012047,メイデイローズ,2008,Rockport Harbor,2025-05-18,2026-04-18,0,,4,リチュアル,https://own.netkeiba.com/db/horse.html?id=2019106748,https://own.netkeiba.com/db/horse.html?id=000a012047
2025,2018105119,メジャーグルーヴ,2018,ダイワメジャー,2025-05-03,2026-04-03,0,,1,,,https://own.netkeiba.com/db/horse.html?id=2018105119
2025,2019105294,メダルオブオナー,2019,Medaglia d'Oro,2025-02-11,2026-01-12,0,,0,,,https://own.netkeiba.com/db/horse.html?id=2019105294
2025,000a014411,メンディド,2013,Broken Vow,2025-04-09,2026-03-10,0,,3,ウィップスティッチ,https://own.netkeiba.com/db/horse.html?id=2021105253,https://own.netkeiba.com/db/horse.html?id=000a014411
2025,2011105892,モーレアモーレ,2011,ジャイアントレッカー,2025-05-27,2026-04-27,"1,435",C214 15,2,ラヴネヴァーダイズ,https://own.netkeiba.com/db/horse.html?id=2023102131,https://own.netkeiba.com/db/horse.html?id=2011105892
2025,000a013db6,モヒニ,2012,Galileo,2025-04-25,2026-03-26,0,,2,バドリナート,https://own.netkeiba.com/db/horse.html?id=2023107278,https://own.netkeiba.com/db/horse.html?id=000a013db6
2025,000a01fcd3,ライトオブマイアイズ,2018,Frankel,2025-05-05,2026-04-05,0,,0,,,https://own.netkeiba.com/db/horse.html?id=000a01fcd3
2025,2012104126,ラセレシオン,2012,ゼンノロブロイ,2025-05-13,2026-04-13,"2,035",16'4歳以上500万下,4,アスクワイルドモア,https://own.netkeiba.com/db/horse.html?id=2019104937,https://own.netkeiba.com/db/horse.html?id=2012104126
2025,000a01beb0,ラッキーダイム,2017,Creative Cause,2025-05-08,2026-04-08,0,,2,セントゴーデンス,https://own.netkeiba.com/db/horse.html?id=2023107296,https://own.netkeiba.com/db/horse.html?id=000a01beb0
2025,2018105002,ラトゥールレディー,2018,キンシャサノキセキ,2025-05-31,2026-05-01,0,,1,ジーティースティア,https://own.netkeiba.com/db/horse.html?id=2023107300,https://own.netkeiba.com/db/horse.html?id=2018105002
2025,000a01fcd5,ラブインジエア,2018,Constitution,2025-04-12,2026-03-13,0,,0,,,https://own.netkeiba.com/db/horse.html?id=000a01fcd5
2025,2019104700,ラリュエル,2019,ディープインパクト,2025-04-17,2026-03-18,"7,567",24'豊橋S(3勝クラス),0,,,https://own.netkeiba.com/db/horse.html?id=2019104700
2025,000a011426,ラヴァリーノ,2004,Unbridled's Song,2025-06-01,2026-05-02,0,,11,ジャックドール,https://own.netkeiba.com/db/horse.html?id=2018100274,https://own.netkeiba.com/db/horse.html?id=000a011426
2025,2020100914,リーゼントミニー,2020,リアルスティール,2025-05-12,2026-04-12,"2,182",23'3歳以上1勝クラス,0,,,https://own.netkeiba.com/db/horse.html?id=2020100914
2025,2021105149,リーチユアドリーム,2021,マインドユアビスケッツ,2025-03-21,2026-02-19,"1,038",23'2歳未勝利,0,,,https://own.netkeiba.com/db/horse.html?id=2021105149
2025,2020100390,リトルウインディー,2020,ビッグアーサー,2025-04-30,2026-03-31,"2,278",23'雪うさぎ賞(1勝クラス),0,,,https://own.netkeiba.com/db/horse.html?id=2020100390
2025,2020110125,ルージュベノワ,2020,Kingman,2025-05-14,2026-04-14,0,,0,,,https://own.netkeiba.com/db/horse.html?id=2020110125
2025,2019103973,ルージュリナージュ,2019,スピルバーグ,2025-03-31,2026-03-01,"8,474",23'ユートピアS(3勝クラス),0,,,https://own.netkeiba.com/db/horse.html?id=2019103973
2025,2019104657,ルールザウイングス,2019,ルーラーシップ,2025-05-01,2026-04-01,662,C2二,0,,,https://own.netkeiba.com/db/horse.html?id=2019104657
2025,2011104118,ルミナスパレード,2011,シンボリクリスエス,2025-03-19,2026-02-17,"4,911",16'4歳以上1000万下,4,ソングライン,https://own.netkeiba.com/db/horse.html?id=2018105355,https://own.netkeiba.com/db/horse.html?id=2011104118
2025,2018110153,レイクビワ,2018,Frankel,2025-04-25,2026-03-26,268,,0,,,https://own.netkeiba.com/db/horse.html?id=2018110153
2025,2015102479,レジーナファースト,2015,キンシャサノキセキ,2025-05-12,2026-04-12,"4,286",19'4歳以上500万下,1,ジーティーシップ,https://own.netkeiba.com/db/horse.html?id=2023106054,https://own.netkeiba.com/db/horse.html?id=2015102479
2025,2016106040,レストンベ,2016,ハービンジャー,2025-06-23,2026-05-24,"2,783",20'房総特別(2勝クラス),1,ウルトラハニー,https://own.netkeiba.com/db/horse.html?id=2021104177,https://own.netkeiba.com/db/horse.html?id=2016106040
2025,2016104499,レッドシルヴァーナ,2016,ロードカナロア,2025-05-01,2026-04-01,"3,934",20'4歳以上2勝クラス,1,,,https://own.netkeiba.com/db/horse.html?id=2016104499
2025,000a01b81c,レポゼッション,2017,War Front,2025-05-28,2026-04-28,0,,2,ライゾマティクス,https://own.netkeiba.com/db/horse.html?id=2021104387,https://own.netkeiba.com/db/horse.html?id=000a01b81c
2025,2010101223,ロージーローズ,2010,シンボリクリスエス,2025-04-06,2026-03-07,640,C215 16,4,エンペザー,https://own.netkeiba.com/db/horse.html?id=2019102888,https://own.netkeiba.com/db/horse.html?id=2010101223
2025,2012104934,ローズカリーナ,2012,ハービンジャー,2025-04-18,2026-03-19,0,,6,ピーエムピンコ,https://own.netkeiba.com/db/horse.html?id=2017105660,https://own.netkeiba.com/db/horse.html?id=2012104934
2025,000a01d9a3,ロジャーセッズ,2009,Red Clubs,2025-03-30,2026-02-28,0,,0,,,https://own.netkeiba.com/db/horse.html?id=000a01d9a3
2025,000a026903,ロゼフラグランス,2020,Kendargent,2025-05-11,2026-04-11,0,,0,,,https://own.netkeiba.com/db/horse.html?id=000a026903
2025,2020103725,ロベリア,2020,ロードカナロア,2025-04-16,2026-03-17,0,,0,,,https://own.netkeiba.com/db/horse.html?id=2020103725
2025,000a013eb8,ロングホットサマー,2012,Street Boss,2025-04-29,2026-03-30,0,,4,ミスボニータ,https://own.netkeiba.com/db/horse.html?id=2019104976,https://own.netkeiba.com/db/horse.html?id=000a013eb8
2025,000a01eb9e,ワグニス,2019,Adlerflug,2025-03-25,2026-02-23,0,,0,,,https://own.netkeiba.com/db/horse.html?id=000a01eb9e
2025,000a015941,ワンダーオブリップス,2015,Champs Elysees,2025-04-08,2026-03-09,0,,3,サトノシュトラーセ,https://own.netkeiba.com/db/horse.html?id=2021104810,https://own.netkeiba.com/db/horse.html?id=000a015941
2025,000a01a8f6,ワンダーガドット,2015,Medaglia d'Oro,2025-02-26,2026-01-27,0,,1,オフザチェイン,https://own.netkeiba.com/db/horse.html?id=2022100662,https://own.netkeiba.com/db/horse.html?id=000a01a8f6
2025,000a01fcc4,ヴァージニアジョイ,2017,Soldier Hollow,2025-05-03,2026-04-03,0,,0,,,https://own.netkeiba.com/db/horse.html?id=000a01fcc4
2025,000a01591d,ヴァシリカ,2014,Skipshot,2025-04-13,2026-03-14,0,,1,クラッチプレイヤー,https://own.netkeiba.com/db/horse.html?id=2021105418,https://own.netkeiba.com/db/horse.html?id=000a01591d
2025,2016102605,ヴァニラアイス,2016,キンシャサノキセキ,2025-05-14,2026-04-14,"11,547",19'端午S(OP),0,,,https://own.netkeiba.com/db/horse.html?id=2016102605
2025,000a0263a1,ヴィータダママ,2018,シーキングザダイヤ,2025-04-28,2026-03-29,0,,0,,,https://own.netkeiba.com/db/horse.html?id=000a0263a1
2025,000a01d5a9,ヴォーセル,2017,Le Havre,2025-02-10,2026-01-11,0,,0,,,https://own.netkeiba.com/db/horse.html?id=000a01d5a9
